
INSERT INTO faculty (fac_name, fac_id) VALUES
('Mühendislik ve Doğa Bilimleri Fakültesi', 1),
('Hukuk Fakültesi', 2),
('Eğitim Fakültesi', 3),
('İslami İlimler Fakültesi', 4),
('İşletme ve Yönetim Bilimleri Fakültesi', 5),
('Sağlık Bilimleri Fakültesi', 6),
('Spor Bilimleri Fakültesi', 7),
('İnsan ve Toplum Bilimleri Fakültesi',8);


INSERT INTO academician (ac_name, ac_surname, ac_title , ac_id) VALUES
('Şengül', 'BAYRAK HAYTA', 'DOKTOR ÖĞRETİM ÜYESİ', 1),
('Tarık', 'ÖZKUL', 'PROFESÖR DOKTOR', 2),
('Jawad', 'RASHEED', 'DOÇENT DOKTOR', 3),
('Abdullah', 'SÖNMEZ', 'DOKTOR ÖĞRETİM ÜYESİ', 4),
('Artrim', 'KJAMILJI', 'DOKTOR ÖĞRETİM ÜYESİ', 5),
('Erdal', 'ALIMOVSKI', 'DOKTOR ÖĞRETİM ÜYESİ', 6),
('Hakan', 'GENÇOĞLU', 'DOKTOR ÖĞRETİM ÜYESİ', 7),
('Oktay', 'DOĞANGÜN', 'DOKTOR ÖĞRETİM ÜYESİ', 8),
('Sami', 'AL-ARIAN', 'DOKTOR ÖĞRETİM ÜYESİ', 9),
('Zahra', 'ELMI', 'DOKTOR ÖĞRETİM ÜYESİ', 10),
('Yahya', 'KEMAL YOĞURTÇU', 'PROFESÖR DOKTOR', 11),
('Ayşenur', 'TOPBAŞ', 'ARAŞTIRMA GÖREVLİSİ', 12),
('Hasibe Büşra', 'AYTEKİN', 'ARAŞTIRMA GÖREVLİSİ', 13),
('Muhammet Emin', 'AYDINALP', 'ARAŞTIRMA GÖREVLİSİ', 14),
('Rezzan Nisa', 'ER', 'ARAŞTIRMA GÖREVLİSİ', 15),
('Sahra', 'TİLKİ', 'ARAŞTIRMA GÖREVLİSİ', 16),
('Amani', 'YUSUF', 'DOKTOR ÖĞRETİM ÜYESİ', 17),
('Meltem', 'UZUN', 'DOKTOR ÖĞRETİM ÜYESİ', 18),
('Sümeyra', 'BEDİR', 'DOKTOR ÖĞRETİM ÜYESİ', 19),
('Volkan', 'ÇETİN', 'DOKTOR ÖĞRETİM ÜYESİ', 20),
('Erdem', 'KÖYMEN', 'DOKTOR ÖĞRETİM GÖREVLİSİ', 21),
('Merve Esra', 'TAŞÇI', 'ARAŞTIRMA GÖREVLİSİ', 22),
('Zehra','KİLLİK','ARAŞTIRMA GÖREVLİSİ', 23),
('Muhammed Enes','AKDEMİR','ARAŞTIRMA GÖREVLİSİ', 24),
('İbrahim', 'KEÇECİ' ,'ARAŞTIRMA GÖREVLİSİ',25),
('Gülçin' , 'KAZAN' , 'DOÇENT DOKTOR', 26),
('Sinem','GÜLER', 'DOÇENT DOKTOR',27);


INSERT INTO term (term_id, term_name, term_start, term_end) VALUES
(1,  '2021-2022 - Güz',   '2021-09-15', '2021-12-31'),
(2,  '2021-2022 - Bahar', '2022-02-01', '2022-05-31'),
(3,  '2021-2022 - Yaz',   '2022-07-01', '2022-08-15'),

(4,  '2022-2023 - Güz',   '2022-09-15', '2022-12-31'),
(5,  '2022-2023 - Bahar', '2023-02-01', '2023-05-31'),
(6,  '2022-2023 - Yaz',   '2023-07-01', '2023-08-15'),

(7,  '2023-2024 - Güz',   '2023-09-15', '2023-12-31'),
(8,  '2023-2024 - Bahar', '2024-02-01', '2024-05-31'),
(9,  '2023-2024 - Yaz',   '2024-07-01', '2024-08-15'),

(10, '2024-2025 - Güz',   '2024-09-15', '2024-12-31'),
(11, '2024-2025 - Bahar', '2025-02-01', '2025-05-31'),
(12, '2024-2025 - Yaz',   '2025-07-01', '2025-08-15'),

(13, '2025-2026 - Güz',   '2025-09-15', '2025-12-31'),
(14, '2025-2026 - Bahar', '2026-02-01', '2026-05-31'),
(15, '2025-2026 - Yaz',   '2026-07-01', '2026-08-15'),

(16, '2026-2027 - Güz',   '2026-09-15', '2026-12-31'),
(17, '2026-2027 - Bahar', '2027-02-01', '2027-05-31'),
(18, '2026-2027 - Yaz',   '2027-07-01', '2027-08-15');


INSERT INTO scholarship (sship_id,sship_type) VALUES
(1,'Burslu'),
(2,'%50 İndirimli'),
(3,'%25 İndirimli'),
(4,'Ücretli');

INSERT INTO buildings (building_id,building_name) VALUES
(1,'Eğitim Bilimleri'),
(2,'Merkezi Derslikler'),
(3,'Tarihi Bina'),
(4,'İSEFAM'),
(5,'Diller Okulu'),
(6,'Kütüphane');


INSERT INTO program (prog_id,prog_name,prog_lang,fac_id) VALUES
(1, 'Bilgisayar Mühendisliği', 'Türkçe', 1),
(2, 'Elektrik-ElektronikMühendisliği(%30İngilizce)', 'İngilizce', 1),
(3, 'Endüstri Mühendisliği (%30 İngilizce)', 'İngilizce', 1),
(4, 'Gıda Mühendisliği', 'Türkçe', 1),
(5, 'İç Mimarlık ve Çevre Tasarımı', 'Türkçe', 1),
(6, 'Mimarlık', 'Türkçe', 1),
(7, 'Yazılım Mühendisliği (%30 İngilizce)', 'İngilizce', 1),
(8, 'Moleküler Biyoloji ve Genetik (İngilizce)', 'İngilizce', 1);

INSERT INTO classroom (room_id, room_name, room_code, building_id) VALUES
(1, 'EG201', 'EG201', 1),
(2, 'EG202', 'EG202', 1),
(3, 'EG203', 'EG203', 1),
(4, 'EG204', 'EG204', 1),
(5, 'EG205', 'EG205', 1),
(6, 'EG206', 'EG206', 1),
(7, 'EG207', 'EG207', 1),
(8, 'EG208', 'EG208', 1),
(9, 'EG209', 'EG209', 1),
(10, 'EG210', 'EG210', 1),
(11, 'EG101', 'EG101', 1),
(12, 'EG102', 'EG102', 1),
(13, 'EG103', 'EG103', 1),
(14, 'EG104', 'EG104', 1),
(15, 'EG105', 'EG105', 1),
(16, 'EG106', 'EG106', 1),
(17, 'EG107', 'EG107', 1),
(18, 'EG108', 'EG108', 1),
(19, 'EG109', 'EG109', 1),
(20, 'EG110', 'EG110', 1),	
(21, 'EG001', 'EG001', 1),
(22, 'Amfi', 'EG002', 1),
(23, 'EG003', 'EG003', 1),
(24, 'Amfi', 'EG004', 1),
(25, 'EG005', 'EG005', 1),
(26, 'EG006', 'EG006', 1),
(27, 'EG007', 'EG007', 1),
(28, 'EG008', 'EG008', 1),
(29, 'EG009', 'EG009', 1),
(30, 'EG010', 'EG010', 1),
(31, 'Molla Gürânî Konferans Salonu', 'EGB01', 1),
(32, 'Bilgisayar Laboratuvarı', 'EGB02', 1),
(33, 'EGB03', 'EGB03', 1),
(34, 'EGB04', 'EGB04', 1),
(35, 'EGB05', 'EGB05', 1),
(36, 'EGB06', 'EGB06', 1),
(37, 'EGB07', 'EGB07', 1),
(38, 'EGB08', 'EGB08', 1),
(39, 'EGB09', 'EGB09', 1),
(40, 'EGB10', 'EGB10', 1),
(41, 'EGB11', 'EGB11', 1),
(42, 'EGB12', 'EGB12', 1),
(43, 'EGB13', 'EGB13', 1),
(44, 'EGB14', 'EGB14', 1),
(45, 'Bilgisayar Laboratuvarı', 'EGB15', 1),
(46, 'EGC01', 'EGC01', 1),
(47, 'EGC02', 'EGC02', 1),
(48, 'Bilgisayar Laboratuvarı', 'EGC03', 1),
(49, 'EGC04', 'EGC04', 1),
(50, 'EGC05', 'EGC05', 1),
(51, 'EGC06', 'EGC06', 1),
(52, 'Bilgisayar Laboratuvarı', 'EGC07', 1),
(53, 'EGC08', 'EGC08', 1),
(54, 'EGC09', 'EGC09', 1),
(55, 'Bilgisayar Laboratuvarı', 'EGC10', 1),
(56, 'EGC11', 'EGC11', 1),
(57, 'EGC12', 'EGC12', 1),
(58, 'EGC13', 'EGC13', 1),
(59, 'EGC14', 'EGC14', 1),
(60, 'EGC15', 'EGC15', 1),
(61, 'Açık Kaynak ve Özgür Yazılım Laboratuvarı', 'EGC16', 1),
(62, 'MD227', 'MD227', 2),
(63, 'MD005', 'MD005', 2),
(64, 'MD006', 'MD006', 2),
(65, 'MD007', 'MD007', 2),
(66, 'MD008', 'MD008', 2),
(67, 'MD009', 'MD009', 2),
(68, 'MD010', 'MD010', 2),
(69, 'MD026', 'MD026', 2),
(70, 'MDB23', 'MDB23', 2),
(71, 'Uzaktan Eğitim', 'Uzaktan Eğitim', 1);


INSERT INTO offices (office_id, office_code, building_id) VALUES
(1, 'EG135', 1),
(2, 'EG136', 1),
(3, 'EG137', 1),
(4, 'EG138', 1),
(5, 'EG139', 1),
(6, 'EG140', 1),
(7, 'EG141', 1),
(8, 'EG142', 1),
(9, 'EG143', 1),
(10, 'EG144', 1),
(11, 'EG145', 1),
(12, 'EG035', 1),
(13, 'EG036', 1),
(14, 'EG037', 1),
(15, 'EG038', 1),
(16, 'EG039', 1),
(17, 'EG040', 1),
(18, 'EG041', 1),
(19, 'EG042', 1),
(20, 'EG043', 1),
(21, 'EG044', 1),
(22, 'EG045', 1),
(23, 'PG011', 1);


INSERT INTO advisor (adv_id,adv_name,adv_surname,adv_hours,office_id,adv_tel,adv_email) VALUES
(1,'Şengül','BAYRAK HAYTA','10:00-12:00',6,'02126929511','sengul.bayrak@izu.edu.tr'),
(2,'Volkan','ÇETİN','12:00-14:00',23,'02126928990','volkan.cetin@izu.edu.tr');


INSERT INTO registration (reg_id, reg_type, reg_date, sship_id) VALUES
(1, 2, '2024-08-25', 1),
(2, 2, '2024-08-23', 2);


INSERT INTO classes (class_id, class_name, class_code, class_lang, class_weekly, class_credit, prog_id) VALUES
(1, 'Atatürk İlkeleri ve İnkılap Tarihi I', 'ATA 101', 1, 2, 3, 1),
(2, 'Algoritma ve Programlamaya Giriş', 'BIM 107', 1, 3, 5, 1),
(3, 'Fizik I Laboratuvarı', 'FIZ 103', 1, 2, 2, 1),
(4, 'Fizik I', 'FIZ 105', 1, 3, 4, 1),
(5, 'Matematik I', 'MAT 115', 1, 4, 6, 1),
(6, 'Mühendislik Prensipleri ve Etiği', 'MUH 101', 1, 2, 3, 1),
(7, 'Türk Dili I', 'TUR 101', 1, 2, 3, 1),
(8, 'İngilizce I', 'YDL 101', 2, 3, 4, 1),
(9, 'Atatürk İlkeleri ve İnkılap Tarihi II', 'ATA 102', 1, 2, 3, 1),
(10, 'Nesne Tabanlı Programlama', 'BIM 110', 1, 3, 4, 1),
(11, 'Fizik II Laboratuvarı', 'FIZ 104', 1, 2, 2, 1),
(12, 'Fizik II', 'FIZ 106', 1, 3, 4, 1),
(13, 'Lineer Cebir', 'MAT 104', 1, 3, 4, 1),
(14, 'Matematik II', 'MAT 116', 1, 4, 6, 1),
(15, 'Türk Dili II', 'TUR 102', 1, 2, 3, 1),
(16, 'İngilizce II', 'YDL 102', 2, 3, 4, 1),
(17, 'Fizik I Laboratuvarı', 'FIZ 103', 2, 2, 2, 7),
(18, 'Fizik I', 'FIZ 105', 2, 3, 4, 7),
(19, 'Matematik I', 'MAT 115', 2, 4, 6, 7),
(20, 'Algoritma ve Programlamaya Giriş', 'YAM 107', 1, 3, 5, 7),
(21, 'İleri İngilizce I', 'YDL 105', 2, 3, 4, 7),
(22, 'Fizik II Laboratuvarı', 'FIZ 104', 2, 2, 2, 7),
(23, 'Fizik II', 'FIZ 106', 2, 3, 4, 7),
(24, 'Lineer Cebir', 'MAT 104', 2, 3, 4, 7),
(25, 'Matematik II', 'MAT 116', 2, 4, 6, 7),
(26, 'Nesne Tabanlı Programlama', 'YAM 110', 2, 3, 4, 7),
(27, 'İleri İngilizce II', 'YDL 106', 2, 3, 4, 7);


INSERT INTO user (user_id, username, passwordhash, verified, active, registered, photo, email, phone) VALUES
(1, 'Efe KÜLAHLI', '$2a$12$6mG77edm1UDi75vGvkpqYux3MAzCAPv7UPr8K0xJ6u095uGuHT/6G', true, true, '2024-07-31', 'foto.png', 'efekulahli@gmail.com', '05559876543'),
(2, 'Ayşe YILMAZ', '$2a$12$ASZpgxvNnhTHiJdTp6ineO9GeIS14l9DjY2L0MOW0oK1HLGGp4oyq', true, true, '2024-08-22', 'foto2.png', 'ayseyilmaz@gmail.com', '05551234567');


INSERT INTO classgroup (group_id, class_id, room_id, ac_id,term_id) VALUES
(1, 1, 71, 23, 10),
(2, 2, 61, 20, 10),
(3, 2, 61, 20, 10),
(4, 3, 30, 11, 10),
(5, 3, 30, 11, 10),
(6, 3, 30, 11, 10),
(7, 4, 22, 11, 10),
(8, 5, 30, 19, 10),
(9, 6, 22, 6, 10),
(10, 7, 71, 24, 10),
(11, 8, 71, 25, 10),
(12, 9, 71, 23, 11),
(13, 10, 48, 4, 11),
(14, 10, 48, 4, 11),
(15, 11, 30, 11, 11),
(16, 11, 30, 11, 11),
(17, 11, 30, 11, 11),
(18, 12, 22, 11, 11),
(19, 13, 22, 19, 11),
(20, 14, 22, 19, 11),
(21, 15, 71, 24, 11),
(22, 16, 71, 25, 11),
(23, 17, 30, 8, 10),
(24, 17, 30, 8, 10),
(25, 17, 30, 8, 10),
(26, 18, 22, 8, 10),
(27, 19, 22, 27, 10),
(28, 20, 61, 20, 10),
(29, 20, 61, 20, 10),
(30, 21, 71, 26, 10),
(31, 22, 30, 8, 11),
(32, 22, 30, 8, 11),
(33, 22, 30, 8, 11),
(34, 23, 22, 8, 11),
(35, 24, 22, 19, 11),
(36, 25, 22, 18, 11),
(37, 26, 61, 3, 11),
(38, 26, 61, 3, 11),
(39, 27, 71, 26, 11);


INSERT INTO classgroup_time (time_id, day, start_time, end_time, group_id) VALUES
-- Bilgisayar Mühendisliği 1. dönem
-- Pazartesi
(1, 1, '09:00:00', '11:00:00', 1),  -- class_id 1, 2 saat

(2, 1, '11:00:00', '13:00:00', 2),  -- class_id 2, 2 saat (ilk parça)

(3, 1, '13:00:00', '15:00:00', 4),  -- class_id 3, 2 saat

-- Salı
(4, 2, '10:00:00', '12:00:00', 7),  -- class_id 4, 2 saat (ilk parça)

(5, 2, '13:00:00', '15:00:00', 8),  -- class_id 5, 2 saat (ilk parça)



-- Çarşamba
(6, 3, '09:00:00', '11:00:00', 9),  -- class_id 6, 2 saat

(7, 3, '11:00:00', '13:00:00', 10), -- class_id 7, 2 saat

(8, 3, '13:00:00', '16:00:00', 11), -- class_id 8, 3 saat

-- Perşembe
(9, 4, '09:00:00', '10:00:00', 2), -- class_id 2, 1 saat (ikinci parça)

(10, 4, '10:00:00', '11:00:00', 7), -- class_id 4, 1 saat (ikinci parça)

(11, 4, '11:00:00', '13:00:00', 8),  -- class_id 5, 2 saat (ikinci parça)

-- Bilgisayar Mühendisliği 2. dönem
-- Pazartesi
(12, 1, '09:00:00', '11:00:00', 12), -- class_id 9 → 2 saat

(13, 1, '11:00:00', '13:00:00', 13), -- class_id 10 → 2 saat (ilk parça)

(14, 1, '13:00:00', '15:00:00', 15), -- class_id 11 → 2 saat

-- Salı
(15, 2, '09:00:00', '11:00:00', 18), -- class_id 12 → 2 saat (ilk parça)

(16, 2, '11:00:00', '13:00:00', 19), -- class_id 13 → 2 saat (ilk parça)

(17, 2, '13:00:00', '15:00:00', 20), -- class_id 14 → 2 saat (ilk parça)

-- Çarşamba
(18, 3, '09:00:00', '11:00:00', 20), -- class_id 14 → 2 saat (ikinci parça)

(19, 3, '11:00:00', '13:00:00', 21), -- class_id 15 → 2 saat

(20, 3, '13:00:00', '16:00:00', 22), -- class_id 16 → 3 saat

-- Perşembe
(21, 4, '09:00:00', '10:00:00', 13), -- class_id 10 → 1 saat (ikinci parça)

(22, 4, '10:00:00', '11:00:00', 18), -- class_id 12 → 1 saat (ikinci parça)

(23, 4, '11:00:00', '12:00:00', 19), -- class_id 13 → 1 saat (ikinci parça)

-- Yazılım Mühendisliği 1. dönem
-- Pazartesi
(24, 1, '09:00:00', '11:00:00', 1),   -- class_id 1 → 2 saat

(25, 1, '13:00:00', '15:00:00', 10),  -- class_id 7 → 2 saat

-- Salı
(26, 2, '09:00:00', '11:00:00', 23),  -- class_id 17 → 2 saat

(27, 2, '11:00:00', '13:00:00', 26),  -- class_id 18 → 2 saat (ilk parça)

(28, 2, '13:00:00', '15:00:00', 27),  -- class_id 19 → 2 saat (ilk parça)

-- Çarşamba
(29, 3, '9:00:00', '11:00:00', 9),   -- class_id 6 → 2 saat

(30, 3, '11:00:00', '13:00:00', 28),  -- class_id 20 → 2 saat (ilk parça)

(31, 3, '13:00:00', '16:00:00', 30),  -- class_id 21 → 3 saat

-- Perşembe
(32, 4, '09:00:00', '10:00:00', 26),  -- class_id 18 → 1 saat (ikinci parça)
(33, 4, '10:00:00', '11:00:00', 28),  -- class_id 20 → 1 saat (ikinci parça)
(34, 4, '11:00:00', '13:00:00', 27),  -- class_id 19 → 2 saat (ikinci parça)

-- Yazılım Mühendisliği 2. dönem
-- Pazartesi
(35, 1, '09:00:00', '11:00:00', 12),   -- class_id 9 → 2 saat
(36, 1, '11:00:00', '13:00:00', 21),   -- class_id 15 → 2 saat
(37, 1, '13:00:00', '15:00:00', 31),   -- class_id 22 → 2 saat

-- Salı
(38, 2, '09:00:00', '11:00:00', 34),   -- class_id 23 → 2 saat (ilk parça)
(39, 2, '11:00:00', '13:00:00', 35),   -- class_id 24 → 2 saat (ilk parça)
(40, 2, '13:00:00', '15:00:00', 36),   -- class_id 25 → 2 saat (ilk parça)

-- Çarşamba
(41, 3, '09:00:00', '11:00:00', 36),   -- class_id 25 → 2 saat (ikinci parça)
(42, 3, '11:00:00', '13:00:00', 37),   -- class_id 26 → 2 saat (ilk parça)
(43, 3, '13:00:00', '16:00:00', 39),   -- class_id 27 → 3 saat

-- Perşembe
(44, 4, '09:00:00', '10:00:00', 34),   -- class_id 23 → 1 saat (ikinci parça)
(45, 4, '10:00:00', '11:00:00', 35),   -- class_id 24 → 1 saat (ikinci parça)
(46, 4, '11:00:00', '12:00:00', 37);   -- class_id 26 → 1 saat (ikinci parça)



INSERT INTO student (student_id,name,surname,tc,active,reg_id,adv_id,user_id) VALUES
(030124420,'Efe','KÜLAHLI','20501379980',true,1,1,1),
(030124421,'Ayşe','YILMAZ','45796230870',true,2,2,2);



INSERT INTO enrollments (enro_id, student_id, group_id, enro_date, enro_status, letter_grade, letter_grade_date) VALUES
(1, 030124420, 1, '2024-09-13 00:00:00', 1, 1, '2025-01-13'),
(2, 030124420, 2, '2024-09-13 00:00:00', 1, 2, '2025-01-14'),
(3, 030124420, 4, '2024-09-13 00:00:00', 1, 2, '2025-01-15'),
(4, 030124420, 7, '2024-09-13 00:00:00', 1, 3, '2025-01-15'),
(5, 030124420, 8, '2024-09-13 00:00:00', 1, 2, '2025-01-16'),
(6, 030124420, 9, '2024-09-13 00:00:00', 1, 4, '2025-01-13'),
(7, 030124420, 10, '2024-09-13 00:00:00', 1, 1, '2025-01-14'),
(8, 030124420, 11, '2024-09-13 00:00:00', 1, 1, '2025-01-16'),
(9, 030124420, 12, '2025-01-31 00:00:00', 1, 1, '2025-06-09'),
(10, 030124420, 13, '2025-01-31 00:00:00', 1, 3, '2025-06-10'),
(11, 030124420, 15, '2025-01-31 00:00:00', 1, 3, '2025-06-11'),
(12, 030124420, 18, '2025-01-31 00:00:00', 1, 2, '2025-06-10'),
(13, 030124420, 19, '2025-01-31 00:00:00', 1, 2, '2025-06-12'),
(14, 030124420, 20, '2025-01-31 00:00:00', 1, 3, '2025-06-11'),
(15, 030124420, 21, '2025-01-31 00:00:00', 1, 1, '2025-06-10'),
(16, 030124420, 22, '2025-01-31 00:00:00', 1, 1, '2025-06-12'),
(17, 030124421, 1, '2024-09-13 00:00:00', 1, 1, '2025-01-13'),
(18, 030124421, 9, '2024-09-13 00:00:00', 1, 1, '2025-01-14'),
(19, 030124421, 10, '2024-09-13 00:00:00', 1, 2, '2025-01-14'),
(20, 030124421, 23, '2024-09-13 00:00:00', 1, 3, '2025-01-13'),
(21, 030124421, 26, '2024-09-13 00:00:00', 1, 2, '2025-01-15'),
(22, 030124421, 27, '2024-09-13 00:00:00', 1, 1, '2025-01-15'),
(23, 030124421, 28, '2024-09-13 00:00:00', 1, 2, '2025-01-16'),
(24, 030124421, 30, '2024-09-13 00:00:00', 1, 1, '2025-01-16'),
(25, 030124421, 12, '2025-01-31 00:00:00', 1, 1, '2025-06-11'),
(26, 030124421, 21, '2025-01-31 00:00:00', 1, 1, '2025-06-12'),
(27, 030124421, 31, '2025-01-31 00:00:00', 1, 2, '2025-06-11'),
(28, 030124421, 34, '2025-01-31 00:00:00', 1, 3, '2025-06-10'),
(29, 030124421, 35, '2025-01-31 00:00:00', 1, 3, '2025-06-12'),
(30, 030124421, 36, '2025-01-31 00:00:00', 1, 3, '2025-06-11'),
(31, 030124421, 37, '2025-01-31 00:00:00', 1, 2, '2025-06-12'),
(32, 030124421, 39, '2025-01-31 00:00:00', 1, 1, '2025-06-11');



INSERT INTO grades (grade_id, score, percentage) VALUES
(1, 1, 40),
(2, 2, 40),
(3, 3, 40),
(4, 4, 40),
(5, 5, 40),
(6, 6, 40),
(7, 7, 40),
(8, 8, 40),
(9, 9, 40),
(10, 10, 40),
(11, 11, 40),
(12, 12, 40),
(13, 13, 40),
(14, 14, 40),
(15, 15, 40),
(16, 16, 40),
(17, 17, 40),
(18, 18, 40),
(19, 19, 40),
(20, 20, 40),
(21, 21, 40),
(22, 22, 40),
(23, 23, 40),
(24, 24, 40),
(25, 25, 40),
(26, 26, 40),
(27, 27, 40),
(28, 28, 40),
(29, 29, 40),
(30, 30, 40),
(31, 31, 40),
(32, 32, 40),
(33, 33, 40),
(34, 34, 40),
(35, 35, 40),
(36, 36, 40),
(37, 37, 40),
(38, 38, 40),
(39, 39, 40),
(40, 40, 40),
(41, 41, 40),
(42, 42, 40),
(43, 43, 40),
(44, 44, 40),
(45, 45, 40),
(46, 46, 40),
(47, 47, 40),
(48, 48, 40),
(49, 49, 40),
(50, 50, 40),
(51, 51, 40),
(52, 52, 40),
(53, 53, 40),
(54, 54, 40),
(55, 55, 40),
(56, 56, 40),
(57, 57, 40),
(58, 58, 40),
(59, 59, 40),
(60, 60, 40),
(61, 61, 40),
(62, 62, 40),
(63, 63, 40),
(64, 64, 40),
(65, 65, 40),
(66, 66, 40),
(67, 67, 40),
(68, 68, 40),
(69, 69, 40),
(70, 70, 40),
(71, 71, 40),
(72, 72, 40),
(73, 73, 40),
(74, 74, 40),
(75, 75, 40),
(76, 76, 40),
(77, 77, 40),
(78, 78, 40),
(79, 79, 40),
(80, 80, 40),
(81, 81, 40),
(82, 82, 40),
(83, 83, 40),
(84, 84, 40),
(85, 85, 40),
(86, 86, 40),
(87, 87, 40),
(88, 88, 40),
(89, 89, 40),
(90, 90, 40),
(91, 91, 40),
(92, 92, 40),
(93, 93, 40),
(94, 94, 40),
(95, 95, 40),
(96, 96, 40),
(97, 97, 40),
(98, 98, 40),
(99, 99, 40),
(100, 100, 40),
(101, 1, 60),
(102, 2, 60),
(103, 3, 60),
(104, 4, 60),
(105, 5, 60),
(106, 6, 60),
(107, 7, 60),
(108, 8, 60),
(109, 9, 60),
(110, 10, 60),
(111, 11, 60),
(112, 12, 60),
(113, 13, 60),
(114, 14, 60),
(115, 15, 60),
(116, 16, 60),
(117, 17, 60),
(118, 18, 60),
(119, 19, 60),
(120, 20, 60),
(121, 21, 60),
(122, 22, 60),
(123, 23, 60),
(124, 24, 60),
(125, 25, 60),
(126, 26, 60),
(127, 27, 60),
(128, 28, 60),
(129, 29, 60),
(130, 30, 60),
(131, 31, 60),
(132, 32, 60),
(133, 33, 60),
(134, 34, 60),
(135, 35, 60),
(136, 36, 60),
(137, 37, 60),
(138, 38, 60),
(139, 39, 60),
(140, 40, 60),
(141, 41, 60),
(142, 42, 60),
(143, 43, 60),
(144, 44, 60),
(145, 45, 60),
(146, 46, 60),
(147, 47, 60),
(148, 48, 60),
(149, 49, 60),
(150, 50, 60),
(151, 51, 60),
(152, 52, 60),
(153, 53, 60),
(154, 54, 60),
(155, 55, 60),
(156, 56, 60),
(157, 57, 60),
(158, 58, 60),
(159, 59, 60),
(160, 60, 60),
(161, 61, 60),
(162, 62, 60),
(163, 63, 60),
(164, 64, 60),
(165, 65, 60),
(166, 66, 60),
(167, 67, 60),
(168, 68, 60),
(169, 69, 60),
(170, 70, 60),
(171, 71, 60),
(172, 72, 60),
(173, 73, 60),
(174, 74, 60),
(175, 75, 60),
(176, 76, 60),
(177, 77, 60),
(178, 78, 60),
(179, 79, 60),
(180, 80, 60),
(181, 81, 60),
(182, 82, 60),
(183, 83, 60),
(184, 84, 60),
(185, 85, 60),
(186, 86, 60),
(187, 87, 60),
(188, 88, 60),
(189, 89, 60),
(190, 90, 60),
(191, 91, 60),
(192, 92, 60),
(193, 93, 60),
(194, 94, 60),
(195, 95, 60),
(196, 96, 60),
(197, 97, 60),
(198, 98, 60),
(199, 99, 60),	
(200, 100, 60);



INSERT INTO term_stud (term_stud,term_id,student_id,gpa,level) VALUES
(1,10,030124420,3.50,2),
(2,10,030124421,3.73,2),
(3,11,030124420,3.48,2),	-- dönem gpa'sı 3.47
(4,11,030124421,3.58,2);    -- dönem gpa'sı 3.43



INSERT INTO student_program (sp_id,student_id,prog_id) VALUES 
(1,030124420,1),
(2,030124421,7);



-- Bilgisayar Mühendisi 1. dönem
-- Atatürk İlkeleri ve İnkılap Tarihi I (ATA 101)
INSERT INTO presence (presence_id, presence_date, presence_count, presence_max) VALUES
(1, '2024-09-16', 2, 2),
(2, '2024-09-23', 2, 2),
(3, '2024-09-30', 2, 2),
(4, '2024-10-07', 2, 2),
(5, '2024-10-14', 2, 2),
(6, '2024-10-21', 2, 2),
(7, '2024-10-28', 2, 2),
(8, '2024-11-04', 2, 2),
(9, '2024-11-11', 2, 2),
(10, '2024-11-18', 2, 2),
(11, '2024-11-25', 2, 2),
(12, '2024-12-02', 2, 2),
(13, '2024-12-09', 2, 2),
(14, '2024-12-16', 2, 2),
(15, '2024-12-23', 2, 2),
(16, '2024-12-30', 2, 2);

-- Algoritma ve Programlamaya Giriş (BIM 107)
INSERT INTO presence (presence_id, presence_date, presence_count, presence_max) VALUES
(17, '2024-09-16', 2, 2),
(18, '2024-09-19', 1, 1),
(19, '2024-09-23', 2, 2),
(20, '2024-09-26', 1, 1),
(21, '2024-09-30', 2, 2),
(22, '2024-10-03', 1, 1),
(23, '2024-10-07', 2, 2),
(24, '2024-10-10', 1, 1),
(25, '2024-10-14', 2, 2),
(26, '2024-10-17', 1, 1),
(27, '2024-10-21', 0, 2),
(28, '2024-10-24', 1, 1),
(29, '2024-10-28', 2, 2),
(30, '2024-10-31', 1, 1),
(31, '2024-11-04', 2, 2),
(32, '2024-11-07', 1, 1),
(33, '2024-11-11', 2, 2),
(34, '2024-11-14', 1, 1),
(35, '2024-11-18', 2, 2),
(36, '2024-11-21', 1, 1),
(37, '2024-11-25', 2, 2),
(38, '2024-11-28', 1, 1),
(39, '2024-12-02', 2, 2),
(40, '2024-12-05', 1, 1),
(41, '2024-12-09', 2, 2),
(42, '2024-12-12', 1, 1),
(43, '2024-12-16', 1, 2),
(44, '2024-12-19', 1, 1),
(45, '2024-12-23', 2, 2),
(46, '2024-12-26', 1, 1),
(47, '2024-12-30', 2, 2);

-- Fizik I Laboratuvarı (FIZ 103)
INSERT INTO presence (presence_id, presence_date, presence_count, presence_max) VALUES
(48, '2024-09-16', 2, 2),
(49, '2024-09-23', 2, 2),
(50, '2024-09-30', 2, 2),
(51, '2024-10-07', 2, 2),
(52, '2024-10-14', 2, 2),
(53, '2024-10-21', 0, 2),
(54, '2024-10-28', 2, 2),
(55, '2024-11-04', 2, 2),
(56, '2024-11-11', 2, 2),
(57, '2024-11-18', 2, 2),
(58, '2024-11-25', 2, 2),
(59, '2024-12-02', 2, 2),
(60, '2024-12-09', 2, 2),
(61, '2024-12-16', 0, 2),
(62, '2024-12-23', 2, 2),
(63, '2024-12-30', 2, 2);

-- Fizik I (FIZ 105)
INSERT INTO presence (presence_id, presence_date, presence_count, presence_max) VALUES
(64, '2024-09-19', 1, 1),
(65, '2024-09-24', 2, 2),
(66, '2024-09-26', 1, 1),
(67, '2024-10-01', 2, 2),
(68, '2024-10-03', 1, 1),
(69, '2024-10-08', 2, 2),
(70, '2024-10-10', 1, 1),
(71, '2024-10-15', 2, 2),
(72, '2024-10-17', 1, 1),
(73, '2024-10-22', 2, 2),
(74, '2024-10-24', 1, 1),
(75, '2024-10-29', 2, 2),
(76, '2024-10-31', 1, 1),
(77, '2024-11-05', 2, 2),
(78, '2024-11-07', 1, 1),
(79, '2024-11-12', 2, 2),
(80, '2024-11-14', 1, 1),
(81, '2024-11-19', 0, 2),
(82, '2024-11-21', 1, 1),
(83, '2024-11-26', 2, 2),
(84, '2024-11-28', 1, 1),
(85, '2024-12-03', 1, 2),
(86, '2024-12-05', 1, 1),
(87, '2024-12-10', 2, 2),
(88, '2024-12-12', 1, 1),
(89, '2024-12-17', 2, 2),
(90, '2024-12-19', 1, 1),
(91, '2024-12-24', 2, 2),
(92, '2024-12-26', 1, 1),
(93, '2024-12-31', 2, 2);

-- Matematik I (MAT 115)
INSERT INTO presence (presence_id, presence_date, presence_count, presence_max) VALUES

(94, '2024-09-19', 2, 2),
(95, '2024-09-24', 2, 2),
(96, '2024-09-26', 2, 2),
(97, '2024-10-01', 2, 2),
(98, '2024-10-03', 0, 2),
(99, '2024-10-08', 2, 2),
(100, '2024-10-10', 2, 2),
(101, '2024-10-15', 2, 2),
(102, '2024-10-17', 2, 2),
(103, '2024-10-22', 2, 2),
(104, '2024-10-24', 0, 2),
(105, '2024-10-29', 2, 2),
(106, '2024-10-31', 2, 2),
(107, '2024-11-05', 2, 2),
(108, '2024-11-07', 2, 2),
(109, '2024-11-12', 2, 2),
(110, '2024-11-14', 2, 2),
(111, '2024-11-19', 0, 2),
(112, '2024-11-21', 2, 2),
(113, '2024-11-26', 2, 2),
(114, '2024-11-28', 2, 2),
(115, '2024-12-03', 2, 2),
(116, '2024-12-05', 2, 2),
(117, '2024-12-10', 2, 2),
(118, '2024-12-12', 2, 2),
(119, '2024-12-17', 2, 2),
(120, '2024-12-19', 0, 2),
(121, '2024-12-24', 2, 2),
(122, '2024-12-26', 2, 2),
(123, '2024-12-31', 2, 2);

-- Mühendislik Prensipleri ve Etiği (MUH 101)
INSERT INTO presence (presence_id, presence_date, presence_count, presence_max) VALUES
(124, '2024-09-18', 2, 2),
(125, '2024-09-25', 2, 2),
(126, '2024-10-02', 2, 2),
(127, '2024-10-09', 2, 2),
(128, '2024-10-16', 2, 2),
(129, '2024-10-23', 2, 2),
(130, '2024-10-30', 0, 2),
(131, '2024-11-06', 2, 2),
(132, '2024-11-13', 2, 2),
(133, '2024-11-20', 2, 2),
(134, '2024-11-27', 2, 2),
(135, '2024-12-04', 2, 2),
(136, '2024-12-11', 2, 2),
(137, '2024-12-18', 2, 2),
(138, '2024-12-25', 2, 2);

-- Türk Dili I (TUR 101)
INSERT INTO presence (presence_id, presence_date, presence_count, presence_max) VALUES
(139, '2024-09-18', 2, 2),
(140, '2024-09-25', 2, 2),
(141, '2024-10-02', 2, 2),
(142, '2024-10-09', 2, 2),
(143, '2024-10-16', 2, 2),
(144, '2024-10-23', 2, 2),
(145, '2024-10-30', 2, 2),
(146, '2024-11-06', 2, 2),
(147, '2024-11-13', 2, 2),
(148, '2024-11-20', 2, 2),
(149, '2024-11-27', 2, 2),
(150, '2024-12-04', 2, 2),
(151, '2024-12-11', 2, 2),
(152, '2024-12-18', 2, 2),
(153, '2024-12-25', 2, 2);

-- İngilizce I (YDL 101)
INSERT INTO presence (presence_id, presence_date, presence_count, presence_max) VALUES
(154, '2024-09-18', 3, 3),
(155, '2024-09-25', 3, 3),
(156, '2024-10-02', 3, 3),
(157, '2024-10-09', 3, 3),
(158, '2024-10-16', 3, 3),
(159, '2024-10-23', 3, 3),
(160, '2024-10-30', 3, 3),
(161, '2024-11-06', 3, 3),
(162, '2024-11-13', 3, 3),
(163, '2024-11-20', 3, 3),
(164, '2024-11-27', 3, 3),
(165, '2024-12-04', 3, 3),
(166, '2024-12-11', 3, 3),
(167, '2024-12-18', 3, 3),
(168, '2024-12-25', 3, 3);


-- Yazılım mühendisi 1. dönem

-- Atatürk İlkeleri ve İnkılap Tarihi I (ATA 101)
INSERT INTO presence (presence_id, presence_date, presence_count, presence_max) VALUES
(169, '2024-09-16', 2, 2),
(170, '2024-09-23', 2, 2),
(171, '2024-09-30', 2, 2),
(172, '2024-10-07', 2, 2),
(173, '2024-10-14', 2, 2),
(174, '2024-10-21', 2, 2),
(175, '2024-10-28', 2, 2),
(176, '2024-11-04', 2, 2),
(177, '2024-11-11', 2, 2),
(178, '2024-11-18', 2, 2),
(179, '2024-11-25', 2, 2),
(180, '2024-12-02', 2, 2),
(181, '2024-12-09', 2, 2),
(182, '2024-12-16', 2, 2),
(183, '2024-12-23', 2, 2),
(184, '2024-12-30', 2, 2);

-- Türk Dili I (TUR 101)  - Pazartesi
INSERT INTO presence (presence_id, presence_date, presence_count, presence_max) VALUES
(185, '2024-09-16', 2, 2),
(186, '2024-09-23', 2, 2),
(187, '2024-09-30', 2, 2),
(188, '2024-10-07', 2, 2),
(189, '2024-10-14', 2, 2),
(190, '2024-10-21', 2, 2),
(191, '2024-10-28', 0, 2),
(192, '2024-11-04', 2, 2),
(193, '2024-11-11', 0, 2),
(194, '2024-11-18', 2, 2),
(195, '2024-11-25', 2, 2),
(196, '2024-12-02', 2, 2),
(197, '2024-12-09', 2, 2),
(198, '2024-12-16', 2, 2),
(199, '2024-12-23', 2, 2),
(200, '2024-12-30', 2, 2);

-- Fizik I Laboratuvarı (FIZ 103) — Salı
INSERT INTO presence (presence_id, presence_date, presence_count, presence_max) VALUES
(201, '2024-09-17', 2, 2),
(202, '2024-09-24', 2, 2),
(203, '2024-10-01', 2, 2),
(204, '2024-10-08', 2, 2),
(205, '2024-10-15', 2, 2),
(206, '2024-10-22', 0, 2),
(207, '2024-10-29', 2, 2),
(208, '2024-11-05', 2, 2),
(209, '2024-11-12', 2, 2),
(210, '2024-11-19', 2, 2),
(211, '2024-11-26', 2, 2),
(212, '2024-12-03', 2, 2),
(213, '2024-12-10', 2, 2),
(214, '2024-12-17', 2, 2),
(215, '2024-12-24', 2, 2),
(216, '2024-12-31', 2, 2);


-- Fizik I (FIZ 105) — Salı + Perşembe
INSERT INTO presence (presence_id, presence_date, presence_count, presence_max) VALUES
(217, '2024-09-17', 2, 2),
(218, '2024-09-19', 1, 1),
(219, '2024-09-24', 2, 2),
(220, '2024-09-26', 1, 1),
(221, '2024-10-01', 0, 2),
(222, '2024-10-03', 1, 1),
(223, '2024-10-08', 2, 2),
(224, '2024-10-10', 1, 1),
(225, '2024-10-15', 2, 2),
(226, '2024-10-17', 1, 1),
(227, '2024-10-22', 0, 2),
(228, '2024-10-24', 1, 1),
(229, '2024-10-29', 2, 2),
(230, '2024-10-31', 0, 1),
(231, '2024-11-05', 2, 2),
(232, '2024-11-07', 1, 1),
(233, '2024-11-12', 2, 2),
(234, '2024-11-14', 1, 1),
(235, '2024-11-19', 2, 2),
(236, '2024-11-21', 1, 1),
(237, '2024-11-26', 2, 2),
(238, '2024-11-28', 1, 1),
(239, '2024-12-03', 2, 2),
(240, '2024-12-05', 1, 1),
(241, '2024-12-10', 2, 2),
(242, '2024-12-12', 1, 1),
(243, '2024-12-17', 2, 2),
(244, '2024-12-19', 1, 1),
(245, '2024-12-24', 2, 2),
(246, '2024-12-26', 1, 1),
(247, '2024-12-31', 2, 2);

-- Matematik I (MAT 115) — Salı + Perşembe
INSERT INTO presence (presence_id, presence_date, presence_count, presence_max) VALUES
(248, '2024-09-17', 2, 2),
(249, '2024-09-19', 2, 2),
(250, '2024-09-24', 2, 2),
(251, '2024-09-26', 2, 2),
(252, '2024-10-01', 2, 2),
(253, '2024-10-03', 2, 2),
(254, '2024-10-08', 2, 2),
(255, '2024-10-10', 2, 2),
(256, '2024-10-15', 0, 2),
(257, '2024-10-17', 2, 2),
(258, '2024-10-22', 2, 2),
(259, '2024-10-24', 2, 2),
(260, '2024-10-29', 2, 2),
(261, '2024-10-31', 0, 2),
(262, '2024-11-05', 2, 2),
(263, '2024-11-07', 2, 2),
(264, '2024-11-12', 2, 2),
(265, '2024-11-14', 2, 2),
(266, '2024-11-19', 2, 2),
(267, '2024-11-21', 2, 2),
(268, '2024-11-26', 2, 2),
(269, '2024-11-28', 2, 2),
(270, '2024-12-03', 2, 2),
(271, '2024-12-05', 0, 2),
(272, '2024-12-10', 2, 2),
(273, '2024-12-12', 2, 2),
(274, '2024-12-17', 2, 2),
(275, '2024-12-19', 2, 2),
(276, '2024-12-24', 2, 2),
(277, '2024-12-26', 2, 2),
(278, '2024-12-31', 2, 2);


-- Mühendislik Prensipleri ve Etiği (MUH 101) — Çarşamba
INSERT INTO presence (presence_id, presence_date, presence_count, presence_max) VALUES
(279, '2024-09-18', 2, 2),
(280, '2024-09-25', 2, 2),
(281, '2024-10-02', 2, 2),
(282, '2024-10-09', 0, 2),
(283, '2024-10-16', 2, 2),
(284, '2024-10-23', 2, 2),
(285, '2024-10-30', 2, 2),
(286, '2024-11-06', 2, 2),
(287, '2024-11-13', 2, 2),
(288, '2024-11-20', 2, 2),
(289, '2024-11-27', 0, 2),
(290, '2024-12-04', 2, 2),
(291, '2024-12-11', 2, 2),
(292, '2024-12-18', 2, 2),
(293, '2024-12-25', 2, 2);

-- Algoritma ve Programlamaya Giriş (YAM 107) — Çarşamba + Perşembe
INSERT INTO presence (presence_id, presence_date, presence_count, presence_max) VALUES
(294, '2024-09-18', 2, 2),
(295, '2024-09-19', 1, 1),
(296, '2024-09-25', 2, 2),
(297, '2024-09-26', 1, 1),
(298, '2024-10-02', 2, 2),
(299, '2024-10-03', 1, 1),
(300, '2024-10-09', 2, 2),
(301, '2024-10-10', 1, 1),
(302, '2024-10-16', 2, 2),
(303, '2024-10-17', 1, 1),
(304, '2024-10-23', 2, 2),
(305, '2024-10-24', 1, 1),
(306, '2024-10-30', 2, 2),
(307, '2024-10-31', 1, 1),
(308, '2024-11-06', 2, 2),
(309, '2024-11-07', 1, 1),
(310, '2024-11-13', 2, 2),
(311, '2024-11-14', 1, 1),
(312, '2024-11-20', 2, 2),
(313, '2024-11-21', 1, 1),
(314, '2024-11-27', 2, 2),
(315, '2024-11-28', 1, 1),
(316, '2024-12-04', 2, 2),
(317, '2024-12-05', 1, 1),
(318, '2024-12-11', 2, 2),
(319, '2024-12-12', 1, 1),
(320, '2024-12-18', 2, 2),
(321, '2024-12-19', 1, 1),
(322, '2024-12-25', 2, 2),
(323, '2024-12-26', 1, 1);

-- İleri İngilizce I (YDL 105) — Çarşamba
INSERT INTO presence (presence_id, presence_date, presence_count, presence_max) VALUES
(324, '2024-09-18', 2, 2),
(325, '2024-09-25', 2, 2),
(326, '2024-10-02', 2, 2),
(327, '2024-10-09', 2, 2),
(328, '2024-10-16', 2, 2),
(329, '2024-10-23', 2, 2),
(330, '2024-10-30', 2, 2),
(331, '2024-11-06', 2, 2),
(332, '2024-11-13', 2, 2),
(333, '2024-11-20', 2, 2),
(334, '2024-11-27', 2, 2),
(335, '2024-12-04', 2, 2),
(336, '2024-12-11', 2, 2),
(337, '2024-12-18', 0, 2),
(338, '2024-12-25', 2, 2);


-- Bilgisayar Mühendisi 2. dönem
-- Atatürk İlkeleri ve İnkılap Tarihi II (ATA 102)
INSERT INTO presence (presence_id, presence_date, presence_count, presence_max) VALUES
(339, '2025-02-03', 2, 2),
(340, '2025-02-10', 2, 2),
(341, '2025-02-17', 2, 2),
(342, '2025-02-24', 2, 2),
(343, '2025-03-03', 2, 2),
(344, '2025-03-10', 2, 2),
(345, '2025-03-17', 2, 2),
(346, '2025-03-24', 2, 2),
(347, '2025-03-31', 2, 2),
(348, '2025-04-07', 2, 2),
(349, '2025-04-14', 0, 2),
(350, '2025-04-21', 2, 2),
(351, '2025-04-28', 2, 2),
(352, '2025-05-05', 2, 2),
(353, '2025-05-12', 2, 2),
(354, '2025-05-19', 0, 2); -- 19 Mayıs resmi tatil

-- Nesne Tabanlı Programlama (BIM 110)
INSERT INTO presence (presence_id, presence_date, presence_count, presence_max) VALUES
(355, '2025-02-03', 2, 2),
(356, '2025-02-06', 1, 1),
(357, '2025-02-10', 2, 2),
(358, '2025-02-13', 0, 1),
(359, '2025-02-17', 2, 2),
(360, '2025-02-20', 1, 1),
(361, '2025-02-24', 2, 2),
(362, '2025-02-27', 1, 1),
(363, '2025-03-03', 2, 2),
(364, '2025-03-06', 1, 1),
(365, '2025-03-10', 2, 2),
(366, '2025-03-13', 1, 1),
(367, '2025-03-17', 2, 2),
(368, '2025-03-20', 1, 1),
(369, '2025-03-24', 0, 2),
(370, '2025-03-27', 1, 1),
(371, '2025-03-31', 2, 2),
(372, '2025-04-03', 1, 1),
(373, '2025-04-07', 2, 2),
(374, '2025-04-10', 1, 1),
(375, '2025-04-14', 2, 2),
(376, '2025-04-17', 1, 1),
(377, '2025-04-21', 2, 2),
(378, '2025-04-24', 1, 1),
(379, '2025-04-28', 2, 2),
(380, '2025-05-01', 0, 1), -- 1 Mayıs tatil
(381, '2025-05-05', 2, 2),
(382, '2025-05-08', 1, 1),
(383, '2025-05-12', 2, 2),
(384, '2025-05-15', 1, 1),
(385, '2025-05-19', 0, 2); -- 19 Mayıs tatil

-- Fizik II Laboratuvarı (FIZ 104)
INSERT INTO presence (presence_id, presence_date, presence_count, presence_max) VALUES
(386, '2025-02-03', 2, 2),
(387, '2025-02-10', 2, 2),
(388, '2025-02-17', 2, 2),
(389, '2025-02-24', 2, 2),
(390, '2025-03-03', 2, 2),
(391, '2025-03-10', 2, 2),
(392, '2025-03-17', 0, 2),
(393, '2025-03-24', 2, 2),
(394, '2025-03-31', 2, 2),
(395, '2025-04-07', 2, 2),
(396, '2025-04-14', 2, 2),
(397, '2025-04-21', 2, 2),
(398, '2025-04-28', 2, 2),
(399, '2025-05-05', 2, 2),
(400, '2025-05-12', 2, 2),
(401, '2025-05-19', 0, 2); -- 19 Mayıs resmi tatil

-- Fizik II (FIZ 106)
INSERT INTO presence (presence_id, presence_date, presence_count, presence_max) VALUES
(402, '2025-02-04', 2, 2),
(403, '2025-02-11', 2, 2),
(404, '2025-02-18', 2, 2),
(405, '2025-02-25', 0, 2),
(406, '2025-03-04', 2, 2),
(407, '2025-03-11', 2, 2),
(408, '2025-03-18', 2, 2),
(409, '2025-03-25', 2, 2),
(410, '2025-04-01', 2, 2),
(411, '2025-04-08', 2, 2),
(412, '2025-04-15', 0, 2),
(413, '2025-04-22', 2, 2),
(414, '2025-04-29', 2, 2),
(415, '2025-05-06', 2, 2),
(416, '2025-05-13', 2, 2),
(417, '2025-05-20', 2, 2);

-- Lineer Cebir (MAT 104)
INSERT INTO presence (presence_id, presence_date, presence_count, presence_max) VALUES
(418, '2025-02-04', 2, 2),
(419, '2025-02-06', 1, 1),
(420, '2025-02-11', 2, 2),
(421, '2025-02-13', 1, 1),
(422, '2025-02-18', 2, 2),
(423, '2025-02-20', 1, 1),
(424, '2025-02-25', 2, 2),
(425, '2025-02-27', 1, 1),
(426, '2025-03-04', 2, 2),
(427, '2025-03-06', 1, 1),
(428, '2025-03-11', 2, 2),
(429, '2025-03-13', 1, 1),
(430, '2025-03-18', 0, 2),
(431, '2025-03-20', 1, 1),
(432, '2025-03-25', 2, 2),
(433, '2025-03-27', 0, 1),
(434, '2025-04-01', 2, 2),
(435, '2025-04-03', 1, 1),
(436, '2025-04-08', 0, 2),
(437, '2025-04-10', 1, 1),
(438, '2025-04-15', 2, 2),
(439, '2025-04-17', 1, 1),
(440, '2025-04-22', 2, 2),
(441, '2025-04-24', 1, 1),
(442, '2025-04-29', 2, 2),
(443, '2025-05-01', 0, 1), -- 1 Mayıs resmi tatil
(444, '2025-05-06', 2, 2),
(445, '2025-05-08', 1, 1),
(446, '2025-05-13', 2, 2),
(447, '2025-05-15', 1, 1),
(448, '2025-05-20', 2, 2),
(449, '2025-05-22', 1, 1);

-- Matematik II (MAT 116)
INSERT INTO presence (presence_id, presence_date, presence_count, presence_max) VALUES
(450, '2025-02-04', 2, 2),
(451, '2025-02-05', 2, 2),
(452, '2025-02-11', 2, 2),
(453, '2025-02-12', 0, 2),
(454, '2025-02-18', 2, 2),
(455, '2025-02-19', 2, 2),
(456, '2025-02-25', 2, 2),
(457, '2025-02-26', 2, 2),
(458, '2025-03-04', 0, 2),
(459, '2025-03-05', 2, 2),
(460, '2025-03-11', 2, 2),
(461, '2025-03-12', 2, 2),
(462, '2025-03-18', 2, 2),
(463, '2025-03-19', 2, 2),
(464, '2025-03-25', 2, 2),
(465, '2025-03-26', 2, 2),
(466, '2025-04-01', 2, 2),
(467, '2025-04-02', 2, 2),
(468, '2025-04-08', 0, 2),
(469, '2025-04-09', 2, 2),
(470, '2025-04-15', 2, 2),
(471, '2025-04-16', 2, 2),
(472, '2025-04-22', 2, 2),
(473, '2025-04-23', 0, 2), -- 23 Nisan Çarşamba tatil (0 olarak işaretlendi)
(474, '2025-04-29', 2, 2),
(475, '2025-04-30', 2, 2),
(476, '2025-05-06', 2, 2),
(477, '2025-05-07', 0, 2),
(478, '2025-05-13', 2, 2),
(479, '2025-05-14', 2, 2),
(480, '2025-05-20', 2, 2),
(481, '2025-05-21', 2, 2);

-- Türk Dili II (TUR 102)
INSERT INTO presence (presence_id, presence_date, presence_count, presence_max) VALUES
(482, '2025-02-05', 2, 2),
(483, '2025-02-12', 2, 2),
(484, '2025-02-19', 2, 2),
(485, '2025-02-26', 2, 2),
(486, '2025-03-05', 2, 2),
(487, '2025-03-12', 2, 2),
(488, '2025-03-19', 2, 2),
(489, '2025-03-26', 2, 2),
(490, '2025-04-02', 2, 2),
(491, '2025-04-09', 2, 2),
(492, '2025-04-16', 2, 2),
(493, '2025-04-23', 0, 2), -- 23 Nisan resmi tatil
(494, '2025-04-30', 2, 2),
(495, '2025-05-07', 2, 2),
(496, '2025-05-14', 2, 2),
(497, '2025-05-21', 2, 2);

-- İngilizce II (YDL 102)
INSERT INTO presence (presence_id, presence_date, presence_count, presence_max) VALUES
(498, '2025-02-05', 3, 3),
(499, '2025-02-12', 3, 3),
(500, '2025-02-19', 3, 3),
(501, '2025-02-26', 0, 3),
(502, '2025-03-05', 3, 3),
(503, '2025-03-12', 3, 3),
(504, '2025-03-19', 3, 3),
(505, '2025-03-26', 3, 3),
(506, '2025-04-02', 3, 3),
(507, '2025-04-09', 3, 3),
(508, '2025-04-16', 3, 3),
(509, '2025-04-23', 0, 3), -- 23 Nisan resmi tatil
(510, '2025-04-30', 3, 3),
(511, '2025-05-07', 3, 3),
(512, '2025-05-14', 3, 3),
(513, '2025-05-21', 3, 3);


-- Yazılım Mühendisi 2. dönem
-- Atatürk İlkeleri ve İnkılap Tarihi II (ATA 102)
INSERT INTO presence (presence_id, presence_date, presence_count, presence_max) VALUES
(514, '2025-02-03', 2, 2),
(515, '2025-02-10', 2, 2),
(516, '2025-02-17', 2, 2),
(517, '2025-02-24', 2, 2),
(518, '2025-03-03', 2, 2),
(519, '2025-03-10', 2, 2),
(520, '2025-03-17', 2, 2),
(521, '2025-03-24', 0, 2),
(522, '2025-03-31', 2, 2),
(523, '2025-04-07', 2, 2),
(524, '2025-04-14', 2, 2),
(525, '2025-04-21', 2, 2),
(526, '2025-04-28', 2, 2),
(527, '2025-05-05', 2, 2),
(528, '2025-05-12', 2, 2),
(529, '2025-05-19', 0, 2); -- 19 Mayıs resmi tatil

-- Türk Dili II (TUR 102)
INSERT INTO presence (presence_id, presence_date, presence_count, presence_max) VALUES
(530, '2025-02-03', 2, 2),
(531, '2025-02-10', 2, 2),
(532, '2025-02-17', 0, 2),
(533, '2025-02-24', 2, 2),
(534, '2025-03-03', 0, 2),
(535, '2025-03-10', 2, 2),
(536, '2025-03-17', 2, 2),
(537, '2025-03-24', 2, 2),
(538, '2025-03-31', 2, 2),
(539, '2025-04-07', 2, 2),
(540, '2025-04-14', 2, 2),
(541, '2025-04-21', 2, 2),
(542, '2025-04-28', 2, 2),
(543, '2025-05-05', 2, 2),
(544, '2025-05-12', 2, 2),
(545, '2025-05-19', 0, 2); -- 19 Mayıs resmi tatil

-- Fizik II Laboratuvarı (FIZ 104)
INSERT INTO presence (presence_id, presence_date, presence_count, presence_max) VALUES
(546, '2025-02-03', 2, 2),
(547, '2025-02-10', 2, 2),
(548, '2025-02-17', 2, 2),
(549, '2025-02-24', 2, 2),
(550, '2025-03-03', 2, 2),
(551, '2025-03-10', 2, 2),
(552, '2025-03-17', 2, 2),
(553, '2025-03-24', 0, 2),
(554, '2025-03-31', 2, 2),
(555, '2025-04-07', 2, 2),
(556, '2025-04-14', 2, 2),
(557, '2025-04-21', 2, 2),
(558, '2025-04-28', 2, 2),
(559, '2025-05-05', 2, 2),
(560, '2025-05-12', 2, 2),
(561, '2025-05-19', 0, 2); -- 19 Mayıs resmi tatil

-- Fizik II (FIZ 106)
INSERT INTO presence (presence_id, presence_date, presence_count, presence_max) VALUES
(562, '2025-02-04', 2, 2),
(563, '2025-02-06', 1, 1),
(564, '2025-02-11', 2, 2),
(565, '2025-02-13', 1, 1),
(566, '2025-02-18', 2, 2),
(567, '2025-02-20', 1, 1),
(568, '2025-02-25', 2, 2),
(569, '2025-02-27', 0, 1),
(570, '2025-03-04', 2, 2),
(571, '2025-03-06', 1, 1),
(572, '2025-03-11', 2, 2),
(573, '2025-03-13', 1, 1),
(574, '2025-03-18', 0, 2),
(575, '2025-03-20', 1, 1),
(576, '2025-03-25', 2, 2),
(577, '2025-03-27', 1, 1),
(578, '2025-04-01', 2, 2),
(579, '2025-04-03', 1, 1),
(580, '2025-04-08', 0, 2),
(581, '2025-04-10', 1, 1),
(582, '2025-04-15', 2, 2),
(583, '2025-04-17', 1, 1),
(584, '2025-04-22', 2, 2),
(585, '2025-04-24', 1, 1),
(586, '2025-04-29', 2, 2),
(587, '2025-05-01', 0, 1), -- 1 Mayıs resmi tatil (Perşembe)
(588, '2025-05-06', 2, 2),
(589, '2025-05-08', 1, 1),
(590, '2025-05-13', 2, 2),
(591, '2025-05-15', 1, 1),
(592, '2025-05-20', 2, 2),
(593, '2025-05-22', 1, 1);

-- Lineer Cebir (MAT 104)
INSERT INTO presence (presence_id, presence_date, presence_count, presence_max) VALUES
(594, '2025-02-04', 2, 2),
(595, '2025-02-06', 1, 1),
(596, '2025-02-11', 2, 2),
(597, '2025-02-13', 1, 1),
(598, '2025-02-18', 2, 2),
(599, '2025-02-20', 1, 1),
(600, '2025-02-25', 0, 2),
(601, '2025-02-27', 1, 1),
(602, '2025-03-04', 2, 2),
(603, '2025-03-06', 1, 1),
(604, '2025-03-11', 0, 2),
(605, '2025-03-13', 1, 1),
(606, '2025-03-18', 2, 2),
(607, '2025-03-20', 1, 1),
(608, '2025-03-25', 2, 2),
(609, '2025-03-27', 1, 1),
(610, '2025-04-01', 2, 2),
(611, '2025-04-03', 1, 1),
(612, '2025-04-08', 0, 2),
(613, '2025-04-10', 1, 1),
(614, '2025-04-15', 2, 2),
(615, '2025-04-17', 1, 1),
(616, '2025-04-22', 2, 2),
(617, '2025-04-24', 1, 1),
(618, '2025-04-29', 2, 2),
(619, '2025-05-01', 0, 1), -- 1 Mayıs tatil (Perşembe)
(620, '2025-05-06', 2, 2),
(621, '2025-05-08', 1, 1),
(622, '2025-05-13', 2, 2),
(623, '2025-05-15', 0, 1),
(624, '2025-05-20', 2, 2),
(625, '2025-05-22', 1, 1);

-- Matematik II (MAT 116)
INSERT INTO presence (presence_id, presence_date, presence_count, presence_max) VALUES
(626, '2025-02-04', 2, 2),
(627, '2025-02-05', 2, 2),
(628, '2025-02-11', 2, 2),
(629, '2025-02-12', 2, 2),
(630, '2025-02-18', 2, 2),
(631, '2025-02-19', 2, 2),
(632, '2025-02-25', 2, 2),
(633, '2025-02-26', 0, 2),
(634, '2025-03-04', 2, 2),
(635, '2025-03-05', 2, 2),
(636, '2025-03-11', 2, 2),
(637, '2025-03-12', 2, 2),
(638, '2025-03-18', 2, 2),
(639, '2025-03-19', 2, 2),
(640, '2025-03-25', 2, 2),
(641, '2025-03-26', 0, 2),
(642, '2025-04-01', 2, 2),
(643, '2025-04-02', 2, 2),
(644, '2025-04-08', 2, 2),
(645, '2025-04-09', 2, 2),
(646, '2025-04-15', 2, 2),
(647, '2025-04-16', 2, 2),
(648, '2025-04-22', 2, 2),
(649, '2025-04-23', 0, 2),
(650, '2025-04-29', 2, 2),
(651, '2025-04-30', 2, 2),
(652, '2025-05-06', 2, 2),
(653, '2025-05-07', 2, 2),
(654, '2025-05-13', 2, 2),
(655, '2025-05-14', 2, 2),
(656, '2025-05-20', 2, 2),
(657, '2025-05-21', 2, 2);

-- Nesne Tabanlı Programlama (YAM 110)
INSERT INTO presence (presence_id, presence_date, presence_count, presence_max) VALUES
(658, '2025-02-05', 2, 2),
(659, '2025-02-06', 1, 1),
(660, '2025-02-12', 2, 2),
(661, '2025-02-13', 1, 1),
(662, '2025-02-19', 2, 2),
(663, '2025-02-20', 1, 1),
(664, '2025-02-26', 0, 2),
(665, '2025-02-27', 1, 1),
(666, '2025-03-05', 2, 2),
(667, '2025-03-06', 1, 1),
(668, '2025-03-12', 2, 2),
(669, '2025-03-13', 1, 1),
(670, '2025-03-19', 0, 2),
(671, '2025-03-20', 1, 1),
(672, '2025-03-26', 2, 2),
(673, '2025-03-27', 0, 1),
(674, '2025-04-02', 2, 2),
(675, '2025-04-03', 1, 1),
(676, '2025-04-09', 2, 2),
(677, '2025-04-10', 1, 1),
(678, '2025-04-16', 2, 2),
(679, '2025-04-17', 1, 1),
(680, '2025-04-23', 0, 2),
(681, '2025-04-24', 1, 1),
(682, '2025-04-30', 2, 2),
(683, '2025-05-01', 0, 1),
(684, '2025-05-07', 2, 2),
(685, '2025-05-08', 1, 1),
(686, '2025-05-14', 2, 2),
(687, '2025-05-15', 0, 1),
(688, '2025-05-21', 2, 2),
(689, '2025-05-22', 1, 1);

-- İleri İngilizce II (YDL 106)
INSERT INTO presence (presence_id, presence_date, presence_count, presence_max) VALUES
(690, '2025-02-05', 3, 3),
(691, '2025-02-12', 3, 3),
(692, '2025-02-19', 3, 3),
(693, '2025-02-26', 3, 3),
(694, '2025-03-05', 3, 3),
(695, '2025-03-12', 3, 3),
(696, '2025-03-19', 3, 3),
(697, '2025-03-26', 3, 3),
(698, '2025-04-02', 3, 3),
(699, '2025-04-09', 3, 3),
(700, '2025-04-16', 3, 3),
(701, '2025-04-23', 3, 3),
(702, '2025-04-30', 3, 3),
(703, '2025-05-07', 3, 3),
(704, '2025-05-14', 3, 3),
(705, '2025-05-21', 3, 3);




-- Bilgisayar Mühendisi 1. dönem
-- Tarih 1
INSERT INTO presence_student (pres_id, presence_id, enro_id) VALUES
(1, 1, 1),
(2, 2, 1),
(3, 3, 1),
(4, 4, 1),
(5, 5, 1),
(6, 6, 1),
(7, 7, 1),
(8, 8, 1),
(9, 9, 1),
(10, 10, 1),
(11, 11, 1),
(12, 12, 1),
(13, 13, 1),
(14, 14, 1),
(15, 15, 1),
(16, 16, 1);

-- Algoritma
INSERT INTO presence_student (pres_id, presence_id, enro_id) VALUES
(17, 17, 2),
(18, 18, 2),
(19, 19, 2),
(20, 20, 2),
(21, 21, 2),
(22, 22, 2),
(23, 23, 2),
(24, 24, 2),
(25, 25, 2),
(26, 26, 2),
(27, 27, 2),
(28, 28, 2),
(29, 29, 2),
(30, 30, 2),
(31, 31, 2),
(32, 32, 2),
(33, 33, 2),
(34, 34, 2),
(35, 35, 2),
(36, 36, 2),
(37, 37, 2),
(38, 38, 2),
(39, 39, 2),
(40, 40, 2),
(41, 41, 2),
(42, 42, 2),
(43, 43, 2),
(44, 44, 2),
(45, 45, 2),
(46, 46, 2),
(47, 47, 2);

-- Fizik 1 Lab
INSERT INTO presence_student (pres_id, presence_id, enro_id) VALUES
(48, 48, 3),
(49, 49, 3),
(50, 50, 3),
(51, 51, 3),
(52, 52, 3),
(53, 53, 3),
(54, 54, 3),
(55, 55, 3),
(56, 56, 3),
(57, 57, 3),
(58, 58, 3),
(59, 59, 3),
(60, 60, 3),
(61, 61, 3),
(62, 62, 3),
(63, 63, 3);

-- Fizik I (FIZ 105)
INSERT INTO presence_student (pres_id, presence_id, enro_id) VALUES
(64, 64, 4),
(65, 65, 4),
(66, 66, 4),
(67, 67, 4),
(68, 68, 4),
(69, 69, 4),
(70, 70, 4),
(71, 71, 4),
(72, 72, 4),
(73, 73, 4),
(74, 74, 4),
(75, 75, 4),
(76, 76, 4),
(77, 77, 4),
(78, 78, 4),
(79, 79, 4),
(80, 80, 4),
(81, 81, 4),
(82, 82, 4),
(83, 83, 4),
(84, 84, 4),
(85, 85, 4),
(86, 86, 4),
(87, 87, 4),
(88, 88, 4),
(89, 89, 4),
(90, 90, 4),
(91, 91, 4),
(92, 92, 4),
(93, 93, 4);

-- Mat 1
INSERT INTO presence_student (pres_id, presence_id, enro_id) VALUES
(94, 94, 5),
(95, 95, 5),
(96, 96, 5),
(97, 97, 5),
(98, 98, 5),
(99, 99, 5),
(100, 100, 5),
(101, 101, 5),
(102, 102, 5),
(103, 103, 5),
(104, 104, 5),
(105, 105, 5),
(106, 106, 5),
(107, 107, 5),
(108, 108, 5),
(109, 109, 5),
(110, 110, 5),
(111, 111, 5),
(112, 112, 5),
(113, 113, 5),
(114, 114, 5),
(115, 115, 5),
(116, 116, 5),
(117, 117, 5),
(118, 118, 5),
(119, 119, 5),
(120, 120, 5),
(121, 121, 5),
(122, 122, 5),
(123, 123, 5);

-- Mühendislik Prensipleri ve Etiği (MUH 101)
INSERT INTO presence_student (pres_id, presence_id, enro_id) VALUES
(124, 124, 6),
(125, 125, 6),
(126, 126, 6),
(127, 127, 6),
(128, 128, 6),
(129, 129, 6),
(130, 130, 6),
(131, 131, 6),
(132, 132, 6),
(133, 133, 6),
(134, 134, 6),
(135, 135, 6),
(136, 136, 6),
(137, 137, 6),
(138, 138, 6);

-- Türkçe 1
INSERT INTO presence_student (pres_id, presence_id, enro_id) VALUES
(139, 139, 7),
(140, 140, 7),
(141, 141, 7),
(142, 142, 7),
(143, 143, 7),
(144, 144, 7),
(145, 145, 7),
(146, 146, 7),
(147, 147, 7),
(148, 148, 7),
(149, 149, 7),
(150, 150, 7),
(151, 151, 7),
(152, 152, 7),
(153, 153, 7);

-- İngilizce 1
INSERT INTO presence_student (pres_id, presence_id, enro_id) VALUES
(154, 154, 8),
(155, 155, 8),
(156, 156, 8),
(157, 157, 8),
(158, 158, 8),
(159, 159, 8),
(160, 160, 8),
(161, 161, 8),
(162, 162, 8),
(163, 163, 8),
(164, 164, 8),
(165, 165, 8),
(166, 166, 8),
(167, 167, 8),
(168, 168, 8);

-- Yazılım Mühendisi 1 .dönem
-- Atatürk İlkeleri ve İnkılap Tarihi I (ATA 101)
INSERT INTO presence_student (pres_id, presence_id, enro_id) VALUES
(169, 169, 17),
(170, 170, 17),
(171, 171, 17),
(172, 172, 17),
(173, 173, 17),
(174, 174, 17),
(175, 175, 17),
(176, 176, 17),
(177, 177, 17),
(178, 178, 17),
(179, 179, 17),
(180, 180, 17),
(181, 181, 17),
(182, 182, 17),
(183, 183, 17),
(184, 184, 17);

-- Türk Dili I (TUR 101) 
INSERT INTO presence_student (pres_id, presence_id, enro_id) VALUES
(185, 185, 19),
(186, 186, 19),
(187, 187, 19),
(188, 188, 19),
(189, 189, 19),
(190, 190, 19),
(191, 191, 19),
(192, 192, 19),
(193, 193, 19),
(194, 194, 19),
(195, 195, 19),
(196, 196, 19),
(197, 197, 19),
(198, 198, 19),
(199, 199, 19),
(200, 200, 19);

-- Fizik I Laboratuvarı (FIZ 103) — Salı
INSERT INTO presence_student (pres_id, presence_id, enro_id) VALUES
(201, 201, 20),
(202, 202, 20),
(203, 203, 20),
(204, 204, 20),
(205, 205, 20),
(206, 206, 20),
(207, 207, 20),
(208, 208, 20),
(209, 209, 20),
(210, 210, 20),
(211, 211, 20),
(212, 212, 20),
(213, 213, 20),
(214, 214, 20),
(215, 215, 20),
(216, 216, 20);

-- Fizik 1
INSERT INTO presence_student (pres_id, presence_id, enro_id) VALUES
(217, 217, 21),
(218, 218, 21),
(219, 219, 21),
(220, 220, 21),
(221, 221, 21),
(222, 222, 21),
(223, 223, 21),
(224, 224, 21),
(225, 225, 21),
(226, 226, 21),
(227, 227, 21),
(228, 228, 21),
(229, 229, 21),
(230, 230, 21),
(231, 231, 21),
(232, 232, 21),
(233, 233, 21),
(234, 234, 21),
(235, 235, 21),
(236, 236, 21),
(237, 237, 21),
(238, 238, 21),
(239, 239, 21),
(240, 240, 21),
(241, 241, 21),
(242, 242, 21),
(243, 243, 21),
(244, 244, 21),
(245, 245, 21),
(246, 246, 21),
(247, 247, 21);

-- Mat 1
INSERT INTO presence_student (pres_id, presence_id, enro_id) VALUES
(248, 248, 22),
(249, 249, 22),
(250, 250, 22),
(251, 251, 22),
(252, 252, 22),
(253, 253, 22),
(254, 254, 22),
(255, 255, 22),
(256, 256, 22),
(257, 257, 22),
(258, 258, 22),
(259, 259, 22),
(260, 260, 22),
(261, 261, 22),
(262, 262, 22),
(263, 263, 22),
(264, 264, 22),
(265, 265, 22),
(266, 266, 22),
(267, 267, 22),
(268, 268, 22),
(269, 269, 22),
(270, 270, 22),
(271, 271, 22),
(272, 272, 22),
(273, 273, 22),
(274, 274, 22),
(275, 275, 22),
(276, 276, 22),
(277, 277, 22),
(278, 278, 22);

-- Mühendislik Prensipleri ve Etiği (MUH 101)
INSERT INTO presence_student (pres_id, presence_id, enro_id) VALUES
(279, 279, 18),
(280, 280, 18),
(281, 281, 18),
(282, 282, 18),
(283, 283, 18),
(284, 284, 18),
(285, 285, 18),
(286, 286, 18),
(287, 287, 18),
(288, 288, 18),
(289, 289, 18),
(290, 290, 18),
(291, 291, 18),
(292, 292, 18),
(293, 293, 18);

-- Algoritma ve Programlamaya Giriş (YAM 107)
INSERT INTO presence_student (pres_id, presence_id, enro_id) VALUES
(294, 294, 23),
(295, 295, 23),
(296, 296, 23),
(297, 297, 23),
(298, 298, 23),
(299, 299, 23),
(300, 300, 23),
(301, 301, 23),
(302, 302, 23),
(303, 303, 23),
(304, 304, 23),
(305, 305, 23),
(306, 306, 23),
(307, 307, 23),
(308, 308, 23),
(309, 309, 23),
(310, 310, 23),
(311, 311, 23),
(312, 312, 23),
(313, 313, 23),
(314, 314, 23),
(315, 315, 23),
(316, 316, 23),
(317, 317, 23),
(318, 318, 23),
(319, 319, 23),
(320, 320, 23),
(321, 321, 23),
(322, 322, 23),
(323, 323, 23);

-- İleri İngilizce I (YDL 105)
INSERT INTO presence_student (pres_id, presence_id, enro_id) VALUES
(324, 324, 24),
(325, 325, 24),
(326, 326, 24),
(327, 327, 24),
(328, 328, 24),
(329, 329, 24),
(330, 330, 24),
(331, 331, 24),
(332, 332, 24),
(333, 333, 24),
(334, 334, 24),
(335, 335, 24),
(336, 336, 24),
(337, 337, 24),
(338, 338, 24);


-- Bilgisayar Mühendisi 2. dönem
-- Atatürk İlkeleri ve İnkılap Tarihi II (ATA 102)
INSERT INTO presence_student (pres_id, presence_id, enro_id) VALUES
(339, 339, 9),
(340, 340, 9),
(341, 341, 9),
(342, 342, 9),
(343, 343, 9),
(344, 344, 9),
(345, 345, 9),
(346, 346, 9),
(347, 347, 9),
(348, 348, 9),
(349, 349, 9),
(350, 350, 9),
(351, 351, 9),
(352, 352, 9),
(353, 353, 9),
(354, 354, 9);

-- Nesne Tabanlı Programlama (BIM 110)
INSERT INTO presence_student (pres_id, presence_id, enro_id) VALUES
(355, 355, 10),
(356, 356, 10),
(357, 357, 10),
(358, 358, 10),
(359, 359, 10),
(360, 360, 10),
(361, 361, 10),
(362, 362, 10),
(363, 363, 10),
(364, 364, 10),
(365, 365, 10),
(366, 366, 10),
(367, 367, 10),
(368, 368, 10),
(369, 369, 10),
(370, 370, 10),
(371, 371, 10),
(372, 372, 10),
(373, 373, 10),
(374, 374, 10),
(375, 375, 10),
(376, 376, 10),
(377, 377, 10),
(378, 378, 10),
(379, 379, 10),
(380, 380, 10),
(381, 381, 10),
(382, 382, 10),
(383, 383, 10),
(384, 384, 10),
(385, 385, 10);

-- Fizik II Laboratuvarı (FIZ 104)
INSERT INTO presence_student (pres_id, presence_id, enro_id) VALUES
(386, 386, 11),
(387, 387, 11),
(388, 388, 11),
(389, 389, 11),
(390, 390, 11),
(391, 391, 11),
(392, 392, 11),
(393, 393, 11),
(394, 394, 11),
(395, 395, 11),
(396, 396, 11),
(397, 397, 11),
(398, 398, 11),
(399, 399, 11),
(400, 400, 11),
(401, 401, 11);

-- Fizik II (FIZ 106)
INSERT INTO presence_student (pres_id, presence_id, enro_id) VALUES
(402, 402, 12),
(403, 403, 12),
(404, 404, 12),
(405, 405, 12),
(406, 406, 12),
(407, 407, 12),
(408, 408, 12),
(409, 409, 12),
(410, 410, 12),
(411, 411, 12),
(412, 412, 12),
(413, 413, 12),
(414, 414, 12),
(415, 415, 12),
(416, 416, 12),
(417, 417, 12);

-- Lineer Cebir (MAT 104)
INSERT INTO presence_student (pres_id, presence_id, enro_id) VALUES
(418, 418, 13),
(419, 419, 13),
(420, 420, 13),
(421, 421, 13),
(422, 422, 13),
(423, 423, 13),
(424, 424, 13),
(425, 425, 13),
(426, 426, 13),
(427, 427, 13),
(428, 428, 13),
(429, 429, 13),
(430, 430, 13),
(431, 431, 13),
(432, 432, 13),
(433, 433, 13),
(434, 434, 13),
(435, 435, 13),
(436, 436, 13),
(437, 437, 13),
(438, 438, 13),
(439, 439, 13),
(440, 440, 13),
(441, 441, 13),
(442, 442, 13),
(443, 443, 13),
(444, 444, 13),
(445, 445, 13),
(446, 446, 13),
(447, 447, 13),
(448, 448, 13),
(449, 449, 13);

-- Matematik II (MAT 116)
INSERT INTO presence_student (pres_id, presence_id, enro_id) VALUES
(450, 450, 14),
(451, 451, 14),
(452, 452, 14),
(453, 453, 14),
(454, 454, 14),
(455, 455, 14),
(456, 456, 14),
(457, 457, 14),
(458, 458, 14),
(459, 459, 14),
(460, 460, 14),
(461, 461, 14),
(462, 462, 14),
(463, 463, 14),
(464, 464, 14),
(465, 465, 14),
(466, 466, 14),
(467, 467, 14),
(468, 468, 14),
(469, 469, 14),
(470, 470, 14),
(471, 471, 14),
(472, 472, 14),
(473, 473, 14),
(474, 474, 14),
(475, 475, 14),
(476, 476, 14),
(477, 477, 14),
(478, 478, 14),
(479, 479, 14),
(480, 480, 14),
(481, 481, 14);

-- Türk Dili II (TUR 102)
INSERT INTO presence_student (pres_id, presence_id, enro_id) VALUES
(482, 482, 15),
(483, 483, 15),
(484, 484, 15),
(485, 485, 15),
(486, 486, 15),
(487, 487, 15),
(488, 488, 15),
(489, 489, 15),
(490, 490, 15),
(491, 491, 15),
(492, 492, 15),
(493, 493, 15),
(494, 494, 15),
(495, 495, 15),
(496, 496, 15),
(497, 497, 15);

-- İngilizce II (YDL 102)
INSERT INTO presence_student (pres_id, presence_id, enro_id) VALUES
(498, 498, 16),
(499, 499, 16),
(500, 500, 16),
(501, 501, 16),
(502, 502, 16),
(503, 503, 16),
(504, 504, 16),
(505, 505, 16),
(506, 506, 16),
(507, 507, 16),
(508, 508, 16),
(509, 509, 16),
(510, 510, 16),
(511, 511, 16),
(512, 512, 16),
(513, 513, 16);

-- Yazılım Mühendisi 2. dönem
-- Atatürk İlkeleri ve İnkılap Tarihi II (ATA 102)
INSERT INTO presence_student (pres_id, presence_id, enro_id) VALUES
(514, 514, 25),
(515, 515, 25),
(516, 516, 25),
(517, 517, 25),
(518, 518, 25),
(519, 519, 25),
(520, 520, 25),
(521, 521, 25),
(522, 522, 25),
(523, 523, 25),
(524, 524, 25),
(525, 525, 25),
(526, 526, 25),
(527, 527, 25),
(528, 528, 25),
(529, 529, 25);

-- Türk Dili II (TUR 102)
INSERT INTO presence_student (pres_id, presence_id, enro_id) VALUES
(530, 530, 26),
(531, 531, 26),
(532, 532, 26),
(533, 533, 26),
(534, 534, 26),
(535, 535, 26),
(536, 536, 26),
(537, 537, 26),
(538, 538, 26),
(539, 539, 26),
(540, 540, 26),
(541, 541, 26),
(542, 542, 26),
(543, 543, 26),
(544, 544, 26),
(545, 545, 26);

-- Fizik II Laboratuvarı (FIZ 104)
INSERT INTO presence_student (pres_id, presence_id, enro_id) VALUES
(546, 546, 27),
(547, 547, 27),
(548, 548, 27),
(549, 549, 27),
(550, 550, 27),
(551, 551, 27),
(552, 552, 27),
(553, 553, 27),
(554, 554, 27),
(555, 555, 27),
(556, 556, 27),
(557, 557, 27),
(558, 558, 27),
(559, 559, 27),
(560, 560, 27),
(561, 561, 27);

-- Fizik II (FIZ 106)
INSERT INTO presence_student (pres_id, presence_id, enro_id) VALUES
(562, 562, 28),
(563, 563, 28),
(564, 564, 28),
(565, 565, 28),
(566, 566, 28),
(567, 567, 28),
(568, 568, 28),
(569, 569, 28),
(570, 570, 28),
(571, 571, 28),
(572, 572, 28),
(573, 573, 28),
(574, 574, 28),
(575, 575, 28),
(576, 576, 28),
(577, 577, 28),
(578, 578, 28),
(579, 579, 28),
(580, 580, 28),
(581, 581, 28),
(582, 582, 28),
(583, 583, 28),
(584, 584, 28),
(585, 585, 28),
(586, 586, 28),
(587, 587, 28),
(588, 588, 28),
(589, 589, 28),
(590, 590, 28),
(591, 591, 28),
(592, 592, 28),
(593, 593, 28);

-- Lineer Cebir (MAT 104)
INSERT INTO presence_student (pres_id, presence_id, enro_id) VALUES
(594, 594, 29),
(595, 595, 29),
(596, 596, 29),
(597, 597, 29),
(598, 598, 29),
(599, 599, 29),
(600, 600, 29),
(601, 601, 29),
(602, 602, 29),
(603, 603, 29),
(604, 604, 29),
(605, 605, 29),
(606, 606, 29),
(607, 607, 29),
(608, 608, 29),
(609, 609, 29),
(610, 610, 29),
(611, 611, 29),
(612, 612, 29),
(613, 613, 29),
(614, 614, 29),
(615, 615, 29),
(616, 616, 29),
(617, 617, 29),
(618, 618, 29),
(619, 619, 29),
(620, 620, 29),
(621, 621, 29),
(622, 622, 29),
(623, 623, 29),
(624, 624, 29),
(625, 625, 29);

-- Matematik II (MAT 116)
INSERT INTO presence_student (pres_id, presence_id, enro_id) VALUES
(626, 626, 30),
(627, 627, 30),
(628, 628, 30),
(629, 629, 30),
(630, 630, 30),
(631, 631, 30),
(632, 632, 30),
(633, 633, 30),
(634, 634, 30),
(635, 635, 30),
(636, 636, 30),
(637, 637, 30),
(638, 638, 30),
(639, 639, 30),
(640, 640, 30),
(641, 641, 30),
(642, 642, 30),
(643, 643, 30),
(644, 644, 30),
(645, 645, 30),
(646, 646, 30),
(647, 647, 30),
(648, 648, 30),
(649, 649, 30),
(650, 650, 30),
(651, 651, 30),
(652, 652, 30),
(653, 653, 30),
(654, 654, 30),
(655, 655, 30),
(656, 656, 30),
(657, 657, 30);

-- Nesne Tabanlı Programlama (YAM 110)
INSERT INTO presence_student (pres_id, presence_id, enro_id) VALUES
(658, 658, 31),
(659, 659, 31),
(660, 660, 31),
(661, 661, 31),
(662, 662, 31),
(663, 663, 31),
(664, 664, 31),
(665, 665, 31),
(666, 666, 31),
(667, 667, 31),
(668, 668, 31),
(669, 669, 31),
(670, 670, 31),
(671, 671, 31),
(672, 672, 31),
(673, 673, 31),
(674, 674, 31),
(675, 675, 31),
(676, 676, 31),
(677, 677, 31),
(678, 678, 31),
(679, 679, 31),
(680, 680, 31),
(681, 681, 31),
(682, 682, 31),
(683, 683, 31),
(684, 684, 31),
(685, 685, 31),
(686, 686, 31),
(687, 687, 31),
(688, 688, 31),
(689, 689, 31);

-- İleri İngilizce II (YDL 106)
INSERT INTO presence_student (pres_id, presence_id, enro_id) VALUES
(690, 690, 32),
(691, 691, 32),
(692, 692, 32),
(693, 693, 32),
(694, 694, 32),
(695, 695, 32),
(696, 696, 32),
(697, 697, 32),
(698, 698, 32),
(699, 699, 32),
(700, 700, 32),
(701, 701, 32),
(702, 702, 32),
(703, 703, 32),
(704, 704, 32),
(705, 705, 32);



INSERT INTO exam (exam_id, exam_type, start_time, end_time, date, enro_id, group_id, room_id, grade_id, class_avg, announced) VALUES
-- Bilgisayar mühendisi 1.dönem sınavları
-- Tarih 1

(1, 'vize', '10:00:00', '11:00:00', '2024-11-02', 1, 1, 22, 87, 80.52, '2024-11-05'),
(2, 'final', '10:00:00', '11:00:00', '2025-01-02', 1, 1, 22, 194, 87, '2025-1-05'),

-- Algoritma ve Programlamaya Giriş BIM 107
(3, 'vize', '12:00:00', '14:00:00', '2024-11-02', 2, 2, 61, 80, 65, '2024-11-06'),
(4, 'final', '12:00:00', '14:00:00', '2025-01-02', 2, 2, 61, 183, 70, '2025-1-10'),

-- Fizik I Laboratuvarı
(5, 'vize', '15:00:00', '16:30:00', '2024-11-03', 3, 4, 30, 84, 60, '2024-11-05'),
(6, 'final', '15:00:00', '16:30:00', '2025-01-03', 3, 4, 30, 184, 60, '2025-1-08'),

-- Fizik I
(7, 'vize', '10:00:00', '12:00:00', '2024-11-03', 4, 7, 31, 74, 48, '2024-11-05'),
(8, 'final', '10:00:00', '12:00:00', '2025-01-03', 4, 7, 31, 168, 42.45, '2025-1-13'),

-- Matematik I
(9, 'vize', '12:00:00', '14:00:00', '2024-11-04', 5, 8, 31, 86, 69, '2024-11-08'),
(10, 'final', '14:00:00', '14:00:00', '2025-01-04', 5, 8, 31, 177, 52, '2025-1-09'),

-- Mühendislik Prensipleri ve Etiği
(11, 'vize', '15:00:00', '16:00:00', '2024-11-04', 6, 9, 22, 70, 64, '2024-11-10'),
(12, 'final', '16:00:00', '16:00:00', '2025-01-04', 6, 9, 22, 162, 55, '2025-1-12'),

-- Türk Dili I
(13, 'vize', '12:00:00', '13:00:00', '2024-11-05', 7, 10, 22, 95, 82, '2024-11-08'),
(14, 'final', '12:00:00', '13:00:00', '2025-01-05', 7, 10, 22, 186, 74, '2025-1-09'),

-- İngilizce I
(15, 'vize', '14:00:00', '15:00:00', '2024-11-05', 8, 11, 24, 100, 80, '2024-11-10'),
(16, 'final', '14:00:00', '15:00:00', '2025-01-05', 8, 11, 24, 195, 78, '2025-1-12'),


-- Bilgisayar mühendisi 2.dönem sınavları
-- Atatürk İlkeleri ve İnkılap Tarihi II - ATA 102
(17, 'vize', '10:00:00', '11:00:00', '2025-04-05', 9, 12, 22, 95, 86.45, '2025-04-10'),
(18, 'final', '10:00:00', '11:00:00', '2025-05-26', 9, 12, 22, 190, 83, '2025-05-31'),

-- Nesne Tabanlı Programlama - BIM 110
(19, 'vize', '12:00:00', '13:30:00', '2025-04-05', 10, 13, 61, 80, 58, '2025-04-10'),
(20, 'final', '12:00:00', '13:30:00', '2025-05-26', 10, 13, 61, 185, 44, '2025-05-31'),

-- Fizik II Laboratuvarı - FIZ 104
(21, 'vize', '10:00:00', '11:00:00', '2025-04-06', 11, 15, 30, 82, 62, '2025-04-11'),
(22, 'final', '10:00:00', '11:00:00', '2025-05-27', 11, 15, 30, 182, 62, '2025-05-31'),

-- Fizik II - FIZ 106
(23, 'vize', '12:00:00', '14:00:00', '2025-04-06', 12, 3, 22, 82, 70, '2025-04-11'),
(24, 'final', '12:00:00', '14:30:00', '2025-05-27', 12, 3, 22, 188, 62, '2025-06-02'),

-- Lineer Cebir - MAT 104
(25, 'vize', '10:00:00', '11:30:00', '2025-04-07', 13, 19, 22, 80, 60, '2025-04-10'),
(26, 'final', '10:00:00', '11:30:00', '2025-05-28', 13, 19, 22, 192, 48, '2025-06-03'),

-- Matematik II - MAT 116
(27, 'vize', '12:00:00', '13:30:00', '2025-04-07', 14, 20, 22, 88, 65, '2025-04-10'),
(28, 'final', '12:00:00', '13:30:00', '2025-05-28', 14, 20, 22, 175, 52, '2025-06-04'),

-- Türk Dili II - TUR 102
(29, 'vize', '14:00:00', '15:00:00', '2025-04-08', 15, 21, 22, 100, 80, '2025-04-10'),
(30, 'final', '14:00:00', '15:00:00', '2025-05-29', 15, 21, 22, 192, 72, '2025-05-31'),

-- İngilizce II - YDL 102
(31, 'vize', '15:30:00', '16:30:00', '2025-04-08', 16, 22, 24, 100, 86, '2025-04-12'),
(32, 'final', '15:30:00', '16:30:00', '2025-05-29', 16, 22, 24, 195, 79, '2025-06-01'),



-- Yazılım mühendisi 1.dönem sınavları
-- Atatürk İlkeleri ve İnkılap Tarihi I
(33, 'vize', '10:00:00', '11:00:00', '2024-11-02', 17, 1, 22, 95, 73.45, '2024-11-05'),
(34, 'final', '10:00:00', '11:00:00', '2025-01-02', 17, 1, 22, 190, 76.20, '2025-01-05'),

-- Mühendislik Prensipleri ve Etiği
(35, 'vize', '12:00:00', '13:00:00', '2024-11-02', 18, 9, 24, 96, 68.90, '2024-11-06'),
(36, 'final', '12:00:00', '13:00:00', '2025-01-02', 18, 9, 24, 187, 65.75, '2025-01-10'),

-- Türk Dili I
(37, 'vize', '15:00:00', '16:30:00', '2024-11-03', 19, 10, 61, 84, 72.30, '2024-11-05'),
(38, 'final', '15:00:00', '16:30:00', '2025-01-03', 19, 10, 61, 187, 64.50, '2025-01-08'),

-- Fizik I Laboratuvarı
(39, 'vize', '10:00:00', '12:00:00', '2024-11-03', 20, 23, 30, 82, 66, '2024-11-05'),
(40, 'final', '10:00:00', '12:00:00', '2025-01-03', 20, 23, 30, 182, 66, '2025-01-13'),

-- Fizik I
(41, 'vize', '12:00:00', '14:00:00', '2024-11-04', 21, 26, 22, 90, 69.80, '2024-11-08'),
(42, 'final', '12:00:00', '14:00:00', '2025-01-04', 21, 26, 22, 183, 61.25, '2025-01-09'),

-- Matematik I
(43, 'vize', '15:00:00', '16:30:00', '2024-11-04', 22, 27, 22, 93, 75.10, '2024-11-10'),
(44, 'final', '15:00:00', '16:30:00', '2025-01-04', 22, 27, 22, 189, 67.95, '2025-01-12'),

-- Algoritma ve Programlamaya Giriş
(45, 'vize', '12:00:00', '13:00:00', '2024-11-05', 23, 28, 61, 93, 70.25, '2024-11-08'),
(46, 'final', '12:00:00', '13:00:00', '2025-01-05', 23, 28, 61, 184, 74.30, '2025-01-09'),

-- İleri İngilizce I
(47, 'vize', '14:00:00', '15:00:00', '2024-11-05', 24, 30, 24, 100, 85, '2024-11-10'),
(48, 'final', '14:00:00', '15:00:00', '2025-01-05', 24, 30, 24, 200, 80, '2025-01-12'),

-- Yazılım mühendisi 2.dönem sınavları
-- Atatürk İlkeleri ve İnkılap Tarihi II
(49, 'vize', '10:00:00', '11:00:00', '2025-04-05', 25, 12, 22, 95, 76.20, '2025-04-10'),
(50, 'final', '10:00:00', '11:00:00', '2025-05-26', 25, 12, 22, 190, 72.10, '2025-05-31'),

-- Türk Dili II
(51, 'vize', '12:00:00', '13:00:00', '2025-04-05', 26, 21, 22, 95, 70.15, '2025-04-10'),
(52, 'final', '12:00:00', '13:00:00', '2025-05-26', 26, 21, 22, 188, 68.75, '2025-05-31'),

-- Fizik II Laboratuvarı
(53, 'vize', '10:00:00', '11:00:00', '2025-04-06', 27, 31, 30, 88, 74, '2025-04-11'),
(54, 'final', '10:00:00', '11:00:00', '2025-05-27', 27, 31, 30, 188, 74, '2025-05-31'),

-- Fizik II
(55, 'vize', '12:00:00', '14:00:00', '2025-04-06', 28, 34, 22, 88, 66.85, '2025-04-11'),
(56, 'final', '12:00:00', '14:00:00', '2025-05-27', 28, 34, 22, 182, 62.70, '2025-06-02'),

-- Lineer Cebir
(57, 'vize', '10:00:00', '11:30:00', '2025-04-07', 29, 35, 22, 89, 71.40, '2025-04-10'),
(58, 'final', '10:00:00', '11:30:00', '2025-05-28', 29, 35, 22, 178, 65.20, '2025-06-03'),

-- Matematik II
(59, 'vize', '12:00:00', '13:30:00', '2025-04-07', 30, 36, 24, 81, 75.80, '2025-04-10'),
(60, 'final', '12:00:00', '13:30:00', '2025-05-28', 30, 36, 24, 186, 67.10, '2025-06-04'),

-- Nesne Tabanlı Programlama
(61, 'vize', '14:00:00', '15:00:00', '2025-04-08', 31, 37, 61, 90, 70.50, '2025-04-10'),
(62, 'final', '14:00:00', '15:00:00', '2025-05-29', 31, 37, 61, 184, 66.30, '2025-05-31'),

-- İleri İngilizce II
(63, 'vize', '15:30:00', '16:30:00', '2025-04-08', 32, 39, 24, 95, 78.00, '2025-04-12'),
(64, 'final', '15:30:00', '16:30:00', '2025-05-29', 32, 39, 24, 190, 73.45, '2025-06-01');







